
> fibreflow-react@1.0.0 build
> NODE_OPTIONS=--max-old-space-size=4096 next build

  ▲ Next.js 14.2.18
  - Environments: .env.local, .env.production

   Creating an optimized production build ...
Browserslist: browsers data (caniuse-lite) is 6 months old. Please run:
  npx update-browserslist-db@latest
  Why you should do it regularly: https://github.com/browserslist/update-db#readme
 ✓ Compiled successfully
   Skipping validation of types
   Skipping linting
   Collecting page data ...
   Generating static pages (0/259) ...
   Generating static pages (64/259) 
   Generating static pages (129/259) 
   Generating static pages (194/259) 
 ✓ Generating static pages (259/259)
   Finalizing page optimization ...
   Collecting build traces ...

Route (app)                                                               Size     First Load JS
┌ ○ /_not-found                                                           883 B          90.3 kB
├ ƒ /api/assets                                                           0 B                0 B
├ ƒ /api/assets/[id]                                                      0 B                0 B
├ ƒ /api/assets/[id]/checkin                                              0 B                0 B
├ ƒ /api/assets/[id]/checkout                                             0 B                0 B
├ ƒ /api/assets/[id]/documents                                            0 B                0 B
├ ƒ /api/assets/[id]/documents/[documentId]                               0 B                0 B
├ ƒ /api/assets/[id]/history                                              0 B                0 B
├ ƒ /api/assets/[id]/maintenance                                          0 B                0 B
├ ƒ /api/assets/[id]/verify-label                                         0 B                0 B
├ ƒ /api/assets/calibration-due                                           0 B                0 B
├ ƒ /api/assets/categories                                                0 B                0 B
├ ƒ /api/assets/categories/[id]                                           0 B                0 B
├ ƒ /api/assets/dashboard                                                 0 B                0 B
├ ƒ /api/assets/extract-from-image                                        0 B                0 B
├ ƒ /api/assets/maintenance                                               0 B                0 B
├ ƒ /api/assets/maintenance-due                                           0 B                0 B
├ ƒ /api/assets/maintenance/[id]                                          0 B                0 B
├ ƒ /api/assets/maintenance/overdue                                       0 B                0 B
├ ƒ /api/assets/maintenance/upcoming                                      0 B                0 B
├ ƒ /api/assets/search                                                    0 B                0 B
├ ƒ /api/contractors                                                      0 B                0 B
├ ƒ /api/dev-queue                                                        0 B                0 B
├ ƒ /api/dev-queue/[id]                                                   0 B                0 B
├ ƒ /api/dev-queue/[id]/attachments                                       0 B                0 B
├ ƒ /api/dev-queue/[id]/progress                                          0 B                0 B
├ ƒ /api/dev-queue/columns                                                0 B                0 B
├ ƒ /api/dev-queue/move                                                   0 B                0 B
├ ƒ /api/dev-queue/vote                                                   0 B                0 B
├ ƒ /api/maintenance/analytics/fault-trends                               0 B                0 B
├ ƒ /api/maintenance/attachments                                          0 B                0 B
├ ƒ /api/maintenance/attachments/[id]                                     0 B                0 B
├ ƒ /api/maintenance/cron/sync-qcontact                                   0 B                0 B
├ ƒ /api/maintenance/dashboard/sla                                        0 B                0 B
├ ƒ /api/maintenance/dashboard/summary                                    0 B                0 B
├ ƒ /api/maintenance/dashboard/workload                                   0 B                0 B
├ ƒ /api/maintenance/dr-lookup/[drNumber]                                 0 B                0 B
├ ƒ /api/maintenance/escalations                                          0 B                0 B
├ ƒ /api/maintenance/escalations/[id]                                     0 B                0 B
├ ƒ /api/maintenance/escalations/[id]/resolve                             0 B                0 B
├ ƒ /api/maintenance/handovers/pending                                    0 B                0 B
├ ƒ /api/maintenance/import/weekly                                        0 B                0 B
├ ƒ /api/maintenance/import/weekly/[id]                                   0 B                0 B
├ ƒ /api/maintenance/import/weekly/[id]/progress                          0 B                0 B
├ ƒ /api/maintenance/import/weekly/history                                0 B                0 B
├ ƒ /api/maintenance/import/weekly/parse                                  0 B                0 B
├ ƒ /api/maintenance/notifications/status                                 0 B                0 B
├ ƒ /api/maintenance/notifications/whatsapp                               0 B                0 B
├ ƒ /api/maintenance/repeat-faults/check                                  0 B                0 B
├ ƒ /api/maintenance/risk-acceptances                                     0 B                0 B
├ ƒ /api/maintenance/risk-acceptances/[id]/resolve                        0 B                0 B
├ ƒ /api/maintenance/sync/fibertime                                       0 B                0 B
├ ƒ /api/maintenance/sync/qcontact                                        0 B                0 B
├ ƒ /api/maintenance/sync/qcontact/log                                    0 B                0 B
├ ƒ /api/maintenance/sync/qcontact/status                                 0 B                0 B
├ ƒ /api/maintenance/teams                                                0 B                0 B
├ ƒ /api/maintenance/teams/[id]                                           0 B                0 B
├ ƒ /api/maintenance/teams/[id]/members                                   0 B                0 B
├ ƒ /api/maintenance/tickets                                              0 B                0 B
├ ƒ /api/maintenance/tickets/[id]                                         0 B                0 B
├ ƒ /api/maintenance/tickets/[id]/activities                              0 B                0 B
├ ƒ /api/maintenance/tickets/[id]/attachments                             0 B                0 B
├ ƒ /api/maintenance/tickets/[id]/fault-cause                             0 B                0 B
├ ƒ /api/maintenance/tickets/[id]/handover                                0 B                0 B
├ ƒ /api/maintenance/tickets/[id]/handover-history                        0 B                0 B
├ ƒ /api/maintenance/tickets/[id]/notes                                   0 B                0 B
├ ƒ /api/maintenance/tickets/[id]/notes/[noteId]                          0 B                0 B
├ ƒ /api/maintenance/tickets/[id]/qa-readiness                            0 B                0 B
├ ƒ /api/maintenance/tickets/[id]/qa-readiness-check                      0 B                0 B
├ ƒ /api/maintenance/tickets/[id]/risk-acceptance                         0 B                0 B
├ ƒ /api/maintenance/tickets/[id]/risk-acceptances                        0 B                0 B
├ ƒ /api/maintenance/tickets/[id]/verification                            0 B                0 B
├ ƒ /api/maintenance/tickets/[id]/verification/[step]                     0 B                0 B
├ ƒ /api/maintenance/tickets/[id]/verification/complete                   0 B                0 B
├ ○ /api/maintenance/users                                                0 B                0 B
├ ƒ /api/maintenance/webhooks/qcontact                                    0 B                0 B
├ ƒ /assets                                                               319 B           112 kB
├ ƒ /assets/[id]                                                          7.36 kB         145 kB
├ ƒ /assets/[id]/documents/upload                                         3 kB            103 kB
├ ƒ /assets/[id]/edit                                                     2.87 kB        99.1 kB
├ ƒ /assets/calibration                                                   319 B           112 kB
├ ƒ /assets/categories                                                    3.64 kB         115 kB
├ ƒ /assets/categories/new                                                4.05 kB         104 kB
├ ƒ /assets/checkin                                                       4.17 kB         100 kB
├ ƒ /assets/checkout                                                      4.84 kB         116 kB
├ ○ /assets/list                                                          3.07 kB         115 kB
├ ƒ /assets/maintenance                                                   319 B           112 kB
├ ƒ /assets/maintenance/new                                               3.34 kB        99.5 kB
├ ƒ /assets/new                                                           2.56 kB        98.8 kB
├ ○ /communications/dev-queue                                             17.5 kB         182 kB
├ ƒ /contractors                                                          4.26 kB         104 kB
├ ƒ /contractors/[id]                                                     8.76 kB         114 kB
├ ƒ /contractors/[id]/documents-report                                    188 B           107 kB
├ ƒ /contractors/[id]/edit                                                194 B          99.2 kB
├ ƒ /contractors/[id]/onboarding                                          9.65 kB         115 kB
├ ○ /contractors/documents-report                                         188 B           107 kB
├ ○ /contractors/new                                                      179 B          92.4 kB
├ ○ /contractors/rag-dashboard                                            3.63 kB        99.8 kB
├ ○ /downloads                                                            2.83 kB        92.2 kB
├ ○ /drops/dashboard                                                      119 kB          227 kB
├ ƒ /maintenance                                                          5.5 kB          130 kB
├ ƒ /maintenance/data-sync                                                139 kB          271 kB
├ ƒ /maintenance/escalations                                              5.69 kB         125 kB
├ ƒ /maintenance/handover                                                 10.5 kB         138 kB
├ ƒ /maintenance/risks                                                    2.73 kB         114 kB
├ ƒ /maintenance/teams                                                    8.73 kB         137 kB
├ ƒ /maintenance/tickets                                                  13.7 kB         213 kB
├ ƒ /maintenance/tickets/[id]                                             27.9 kB         155 kB
├ ƒ /maintenance/tickets/new                                              11.6 kB         128 kB
├ ○ /qfield                                                               18.5 kB         112 kB
├ ○ /qfield/qa                                                            146 B          89.5 kB
├ ○ /test-onboarding                                                      717 B          90.1 kB
├ ○ /wa-monitor                                                           163 B           334 kB
├ ƒ /wa-monitor/dr-validation                                             5.95 kB         152 kB
└ ○ /wa-monitor/health                                                    163 B           334 kB
+ First Load JS shared by all                                             89.4 kB
  ├ chunks/52117-9334ff5e5bb6e2d8.js                                      31.7 kB
  ├ chunks/fd9d1056-f88a6e94ace18e17.js                                   53.6 kB
  └ other shared chunks (total)                                           4.01 kB

Route (pages)                                                             Size     First Load JS
┌ ƒ /                                                                     555 B           110 kB
├   /_app                                                                 0 B             109 kB
├ ○ /500                                                                  530 B           110 kB
├ ○ /accounting                                                           11.3 kB         137 kB
├ ○ /accounting/accounting-settings                                       2.25 kB         126 kB
├ ○ /accounting/adjustments                                               2.68 kB         126 kB
├ ○ /accounting/ap-aging                                                  2.21 kB         128 kB
├ ○ /accounting/ar-aging                                                  2.17 kB         128 kB
├ ○ /accounting/audit-trail                                               272 B           128 kB
├ ○ /accounting/bank-accounts                                             3.4 kB          127 kB
├ ○ /accounting/bank-reconciliation                                       2.19 kB         128 kB
├ ○ /accounting/bank-reconciliation/[reconId]                             3.97 kB         130 kB
├ ○ /accounting/bank-reconciliation/import                                3.58 kB         129 kB
├ ○ /accounting/bank-reconciliation/new                                   2.12 kB         128 kB
├ ○ /accounting/bank-reconciliation/rules                                 232 B           131 kB
├ ○ /accounting/bank-rules                                                272 B           131 kB
├ ○ /accounting/bank-transactions                                         19.7 kB         145 kB
├ ○ /accounting/bank-transactions/new                                     3.32 kB         129 kB
├ ○ /accounting/bank-transfers                                            1.94 kB         125 kB
├ ○ /accounting/batch-payments                                            1.87 kB         128 kB
├ ○ /accounting/batch-payments/[batchId]                                  2.52 kB         128 kB
├ ○ /accounting/batch-payments/new                                        2.68 kB         128 kB
├ ○ /accounting/budgets                                                   3.26 kB         127 kB
├ ○ /accounting/business-units                                            2.63 kB         126 kB
├ ○ /accounting/cashbook                                                  2.67 kB         126 kB
├ ○ /accounting/chart-of-accounts                                         569 B           124 kB
├ ○ /accounting/cost-centres                                              3.33 kB         127 kB
├ ○ /accounting/credit-notes                                              2.63 kB         128 kB
├ ○ /accounting/credit-notes/[creditNoteId]                               2.29 kB         132 kB
├ ○ /accounting/credit-notes/new                                          2.3 kB          128 kB
├ ○ /accounting/currencies                                                3.12 kB         129 kB
├ ○ /accounting/customer-age-analysis                                     2.24 kB         128 kB
├ ○ /accounting/customer-allocations                                      2.8 kB          126 kB
├ ○ /accounting/customer-categories                                       2.05 kB         125 kB
├ ○ /accounting/customer-credit-notes                                     2.52 kB         128 kB
├ ○ /accounting/customer-invoices                                         2.69 kB         128 kB
├ ○ /accounting/customer-invoices/[invoiceId]                             2.88 kB         133 kB
├ ○ /accounting/customer-invoices/new                                     2.92 kB         129 kB
├ ○ /accounting/customer-payments                                         2.43 kB         128 kB
├ ○ /accounting/customer-payments/[paymentId]                             2.49 kB         132 kB
├ ○ /accounting/customer-payments/new                                     2.87 kB         129 kB
├ ○ /accounting/customer-quotes                                           2.99 kB         126 kB
├ ○ /accounting/customer-statements                                       2.52 kB         128 kB
├ ○ /accounting/customer-statements/[clientId]                            4.78 kB         268 kB
├ ○ /accounting/data-import                                               273 B           130 kB
├ ○ /accounting/debtors-manager                                           3.29 kB         127 kB
├ ○ /accounting/default-accounts                                          2.43 kB         126 kB
├ ○ /accounting/depreciation                                              2.6 kB          126 kB
├ ○ /accounting/drc-vat                                                   2.52 kB         126 kB
├ ○ /accounting/dunning                                                   3.64 kB         127 kB
├ ○ /accounting/exchange-rates                                            1.12 kB         127 kB
├ ○ /accounting/fiscal-periods                                            569 B           124 kB
├ ○ /accounting/item-adjustments                                          2.22 kB         125 kB
├ ○ /accounting/item-opening-balances                                     2.62 kB         126 kB
├ ○ /accounting/item-pricing                                              2.22 kB         125 kB
├ ○ /accounting/journal-entries                                           571 B           124 kB
├ ○ /accounting/journal-entries/[entryId]                                 3.32 kB         129 kB
├ ○ /accounting/journal-entries/new                                       3.42 kB         129 kB
├ ○ /accounting/opening-balances                                          2.53 kB         126 kB
├ ○ /accounting/recurring-invoices                                        3.57 kB         127 kB
├ ○ /accounting/recurring-journals                                        4.17 kB         127 kB
├ ○ /accounting/reports                                                   2.61 kB         128 kB
├ ○ /accounting/reports/account-transactions                              2.77 kB         129 kB
├ ○ /accounting/reports/audit-trail                                       228 B           128 kB
├ ○ /accounting/reports/balance-sheet                                     4.28 kB         130 kB
├ ○ /accounting/reports/bank-transactions                                 2.46 kB         128 kB
├ ○ /accounting/reports/budget-vs-actual                                  3.62 kB         127 kB
├ ○ /accounting/reports/cash-flow                                         2.37 kB         126 kB
├ ○ /accounting/reports/customer                                          2.26 kB         128 kB
├ ○ /accounting/reports/customer-reports                                  2.25 kB         128 kB
├ ○ /accounting/reports/general-ledger                                    2.96 kB         129 kB
├ ○ /accounting/reports/income-statement                                  4.32 kB         130 kB
├ ○ /accounting/reports/item-listing                                      1.73 kB         125 kB
├ ○ /accounting/reports/item-movement                                     1.68 kB         125 kB
├ ○ /accounting/reports/item-quantities                                   1.84 kB         125 kB
├ ○ /accounting/reports/item-valuation                                    1.74 kB         125 kB
├ ○ /accounting/reports/project-profitability                             2.24 kB         128 kB
├ ○ /accounting/reports/purchases-by-item                                 1.82 kB         125 kB
├ ○ /accounting/reports/purchases-by-supplier                             1.77 kB         125 kB
├ ○ /accounting/reports/sales-by-customer                                 1.76 kB         125 kB
├ ○ /accounting/reports/sales-by-item                                     1.77 kB         125 kB
├ ○ /accounting/reports/supplier                                          2.24 kB         128 kB
├ ○ /accounting/reports/supplier-reports                                  2.23 kB         128 kB
├ ○ /accounting/reports/trial-balance                                     275 B           128 kB
├ ○ /accounting/reports/unallocated-payments                              1.56 kB         127 kB
├ ○ /accounting/reports/unallocated-receipts                              1.56 kB         127 kB
├ ○ /accounting/reports/vat-return                                        221 B           127 kB
├ ○ /accounting/sage-migration                                            224 B           130 kB
├ ○ /accounting/statement-run                                             4.19 kB         265 kB
├ ○ /accounting/supplier-age-analysis                                     2.37 kB         128 kB
├ ○ /accounting/supplier-allocations                                      2.45 kB         126 kB
├ ○ /accounting/supplier-categories                                       2.07 kB         125 kB
├ ○ /accounting/supplier-credit-notes                                     2.48 kB         128 kB
├ ○ /accounting/supplier-invoices                                         2.45 kB         128 kB
├ ○ /accounting/supplier-invoices/[invoiceId]                             3.25 kB         133 kB
├ ○ /accounting/supplier-invoices/new                                     3.16 kB         129 kB
├ ○ /accounting/supplier-payments                                         2.14 kB         128 kB
├ ○ /accounting/supplier-payments/[paymentId]                             2.49 kB         132 kB
├ ○ /accounting/supplier-payments/new                                     2.93 kB         129 kB
├ ○ /accounting/supplier-returns                                          2.75 kB         126 kB
├ ○ /accounting/supplier-statements                                       2.56 kB         128 kB
├ ○ /accounting/supplier-statements/[supplierId]                          4.8 kB          268 kB
├ ○ /accounting/trial-balance                                             220 B           127 kB
├ ○ /accounting/vat-adjustments                                           2.97 kB         126 kB
├ ○ /accounting/vat-return                                                266 B           127 kB
├ ○ /accounting/write-offs                                                2.59 kB         126 kB
├ ○ /accounting/year-end                                                  2.74 kB         126 kB
├ ƒ /action-items                                                         2.5 kB          126 kB
├ ƒ /action-items/[slug]                                                  5.46 kB         129 kB
├ ○ /activate                                                             394 B           308 kB
├ ○ /activate/[dropNumber]                                                2.86 kB         148 kB
├ ○ /activate/monitoring                                                  3.01 kB         151 kB
├ ○ /activate/qa-centre                                                   8.63 kB         149 kB
├ ○ /activate/qa-centre/[dropNumber]                                      38.5 kB         193 kB
├ ○ /activate/reports                                                     394 B           308 kB
├ ○ /activate/technicians                                                 6.8 kB          140 kB
├ ○ /activate/technicians/[id]                                            4.81 kB         138 kB
├ ○ /admin/poles-sync                                                     2.36 kB         112 kB
├ ƒ /analytics                                                            897 B           124 kB
├ ƒ /api/__tests__/deployment-health.test                                 0 B             109 kB
├ ƒ /api/accounting/account-transactions-export                           0 B             109 kB
├ ƒ /api/accounting/accounting-settings                                   0 B             109 kB
├ ƒ /api/accounting/adjustments                                           0 B             109 kB
├ ƒ /api/accounting/adjustments-action                                    0 B             109 kB
├ ƒ /api/accounting/ap-aging                                              0 B             109 kB
├ ƒ /api/accounting/ap-aging-export                                       0 B             109 kB
├ ƒ /api/accounting/ar-aging                                              0 B             109 kB
├ ƒ /api/accounting/ar-aging-export                                       0 B             109 kB
├ ƒ /api/accounting/audit-trail-export                                    0 B             109 kB
├ ƒ /api/accounting/balance-sheet-export                                  0 B             109 kB
├ ƒ /api/accounting/bank-accounts                                         0 B             109 kB
├ ƒ /api/accounting/bank-import-batches                                   0 B             109 kB
├ ƒ /api/accounting/bank-match-asset                                      0 B             109 kB
├ ƒ /api/accounting/bank-match-candidates                                 0 B             109 kB
├ ƒ /api/accounting/bank-match-confirm                                    0 B             109 kB
├ ƒ /api/accounting/bank-match-fleet                                      0 B             109 kB
├ ƒ /api/accounting/bank-reconciliation-report                            0 B             109 kB
├ ƒ /api/accounting/bank-reconciliations                                  0 B             109 kB
├ ƒ /api/accounting/bank-reconciliations-action                           0 B             109 kB
├ ƒ /api/accounting/bank-rules                                            0 B             109 kB
├ ƒ /api/accounting/bank-rules-action                                     0 B             109 kB
├ ƒ /api/accounting/bank-rules-preview                                    0 B             109 kB
├ ƒ /api/accounting/bank-rules-seed                                       0 B             109 kB
├ ƒ /api/accounting/bank-transactions                                     0 B             109 kB
├ ƒ /api/accounting/bank-transactions-action                              0 B             109 kB
├ ƒ /api/accounting/bank-transactions-export                              0 B             109 kB
├ ƒ /api/accounting/bank-transactions-import                              0 B             109 kB
├ ƒ /api/accounting/bank-transactions-import-classified                   0 B             109 kB
├ ƒ /api/accounting/bank-transactions-manual                              0 B             109 kB
├ ƒ /api/accounting/bank-transfers                                        0 B             109 kB
├ ƒ /api/accounting/bank-tx-attachments                                   0 B             109 kB
├ ƒ /api/accounting/batch-payments                                        0 B             109 kB
├ ƒ /api/accounting/batch-payments-action                                 0 B             109 kB
├ ƒ /api/accounting/budget-vs-actual-export                               0 B             109 kB
├ ƒ /api/accounting/budgets                                               0 B             109 kB
├ ƒ /api/accounting/budgets-action                                        0 B             109 kB
├ ƒ /api/accounting/cash-flow-export                                      0 B             109 kB
├ ƒ /api/accounting/chart-of-accounts                                     0 B             109 kB
├ ƒ /api/accounting/chart-of-accounts-detail                              0 B             109 kB
├ ƒ /api/accounting/cost-centres                                          0 B             109 kB
├ ƒ /api/accounting/cost-centres-action                                   0 B             109 kB
├ ƒ /api/accounting/cost-centres-export                                   0 B             109 kB
├ ƒ /api/accounting/credit-notes                                          0 B             109 kB
├ ƒ /api/accounting/credit-notes-action                                   0 B             109 kB
├ ƒ /api/accounting/currencies                                            0 B             109 kB
├ ƒ /api/accounting/customer-allocations                                  0 B             109 kB
├ ƒ /api/accounting/customer-allocations-export                           0 B             109 kB
├ ƒ /api/accounting/customer-categories                                   0 B             109 kB
├ ƒ /api/accounting/customer-invoices-create                              0 B             109 kB
├ ƒ /api/accounting/customer-invoices-detail                              0 B             109 kB
├ ƒ /api/accounting/customer-invoices-export                              0 B             109 kB
├ ƒ /api/accounting/customer-invoices-gl                                  0 B             109 kB
├ ƒ /api/accounting/customer-invoices-list                                0 B             109 kB
├ ƒ /api/accounting/customer-payments                                     0 B             109 kB
├ ƒ /api/accounting/customer-payments-action                              0 B             109 kB
├ ƒ /api/accounting/customer-payments-export                              0 B             109 kB
├ ƒ /api/accounting/customer-quotes                                       0 B             109 kB
├ ƒ /api/accounting/customer-quotes-action                                0 B             109 kB
├ ƒ /api/accounting/customer-report-export                                0 B             109 kB
├ ƒ /api/accounting/customer-statement-detail                             0 B             109 kB
├ ƒ /api/accounting/customer-statements                                   0 B             109 kB
├ ƒ /api/accounting/dashboard-stats                                       0 B             109 kB
├ ƒ /api/accounting/debtors-manager                                       0 B             109 kB
├ ƒ /api/accounting/default-accounts                                      0 B             109 kB
├ ƒ /api/accounting/depreciation-export                                   0 B             109 kB
├ ƒ /api/accounting/documents                                             0 B             109 kB
├ ƒ /api/accounting/drc-vat                                               0 B             109 kB
├ ƒ /api/accounting/drc-vat-export                                        0 B             109 kB
├ ƒ /api/accounting/dunning                                               0 B             109 kB
├ ƒ /api/accounting/exchange-rates                                        0 B             109 kB
├ ƒ /api/accounting/fiscal-periods                                        0 B             109 kB
├ ƒ /api/accounting/fiscal-periods-action                                 0 B             109 kB
├ ƒ /api/accounting/income-statement-export                               0 B             109 kB
├ ƒ /api/accounting/item-adjustments                                      0 B             109 kB
├ ƒ /api/accounting/item-opening-balances                                 0 B             109 kB
├ ƒ /api/accounting/item-pricing                                          0 B             109 kB
├ ƒ /api/accounting/journal-entries                                       0 B             109 kB
├ ƒ /api/accounting/journal-entries-action                                0 B             109 kB
├ ƒ /api/accounting/journal-entries-detail                                0 B             109 kB
├ ƒ /api/accounting/opening-balances                                      0 B             109 kB
├ ƒ /api/accounting/opening-balances-export                               0 B             109 kB
├ ƒ /api/accounting/recurring-invoices                                    0 B             109 kB
├ ƒ /api/accounting/recurring-invoices-action                             0 B             109 kB
├ ƒ /api/accounting/recurring-journals                                    0 B             109 kB
├ ƒ /api/accounting/recurring-journals-action                             0 B             109 kB
├ ƒ /api/accounting/reports-account-transactions                          0 B             109 kB
├ ƒ /api/accounting/reports-audit-trail                                   0 B             109 kB
├ ƒ /api/accounting/reports-balance-sheet                                 0 B             109 kB
├ ƒ /api/accounting/reports-bank-transactions                             0 B             109 kB
├ ƒ /api/accounting/reports-budget-vs-actual                              0 B             109 kB
├ ƒ /api/accounting/reports-cash-flow                                     0 B             109 kB
├ ƒ /api/accounting/reports-customer                                      0 B             109 kB
├ ƒ /api/accounting/reports-income-statement                              0 B             109 kB
├ ƒ /api/accounting/reports-project-profitability                         0 B             109 kB
├ ƒ /api/accounting/reports-supplier                                      0 B             109 kB
├ ƒ /api/accounting/reports-trial-balance                                 0 B             109 kB
├ ƒ /api/accounting/reports-vat-return                                    0 B             109 kB
├ ƒ /api/accounting/reports/item-listing                                  0 B             109 kB
├ ƒ /api/accounting/reports/item-movement                                 0 B             109 kB
├ ƒ /api/accounting/reports/item-quantities                               0 B             109 kB
├ ƒ /api/accounting/reports/item-valuation                                0 B             109 kB
├ ƒ /api/accounting/reports/purchases-by-item                             0 B             109 kB
├ ƒ /api/accounting/reports/purchases-by-supplier                         0 B             109 kB
├ ƒ /api/accounting/reports/sales-by-customer                             0 B             109 kB
├ ƒ /api/accounting/reports/sales-by-item                                 0 B             109 kB
├ ƒ /api/accounting/run-depreciation                                      0 B             109 kB
├ ƒ /api/accounting/sage-migration                                        0 B             109 kB
├ ƒ /api/accounting/sage-migration-action                                 0 B             109 kB
├ ƒ /api/accounting/supplier-allocations                                  0 B             109 kB
├ ƒ /api/accounting/supplier-categories                                   0 B             109 kB
├ ƒ /api/accounting/supplier-invoices                                     0 B             109 kB
├ ƒ /api/accounting/supplier-invoices-action                              0 B             109 kB
├ ƒ /api/accounting/supplier-invoices-detail                              0 B             109 kB
├ ƒ /api/accounting/supplier-payments                                     0 B             109 kB
├ ƒ /api/accounting/supplier-payments-action                              0 B             109 kB
├ ƒ /api/accounting/supplier-report-export                                0 B             109 kB
├ ƒ /api/accounting/supplier-returns                                      0 B             109 kB
├ ƒ /api/accounting/supplier-statement-detail                             0 B             109 kB
├ ƒ /api/accounting/trial-balance-export                                  0 B             109 kB
├ ƒ /api/accounting/vat-adjustments                                       0 B             109 kB
├ ƒ /api/accounting/vat-adjustments-action                                0 B             109 kB
├ ƒ /api/accounting/vat-adjustments-export                                0 B             109 kB
├ ƒ /api/accounting/vat-return-export                                     0 B             109 kB
├ ƒ /api/accounting/write-offs                                            0 B             109 kB
├ ƒ /api/accounting/write-offs-action                                     0 B             109 kB
├ ƒ /api/accounting/year-end                                              0 B             109 kB
├ ƒ /api/accounting/year-end-export                                       0 B             109 kB
├ ƒ /api/action-items                                                     0 B             109 kB
├ ƒ /api/action-items/[id]                                                0 B             109 kB
├ ƒ /api/action-items/extract                                             0 B             109 kB
├ ƒ /api/action-items/extract-all                                         0 B             109 kB
├ ƒ /api/action-items/stats                                               0 B             109 kB
├ ƒ /api/activate/[dropNumber]                                            0 B             109 kB
├ ƒ /api/activate/activity-log                                            0 B             109 kB
├ ƒ /api/activate/admin/retry-failed                                      0 B             109 kB
├ ƒ /api/activate/approve-categorization                                  0 B             109 kB
├ ƒ /api/activate/categorize-photos                                       0 B             109 kB
├ ƒ /api/activate/check-oes-coordinates                                   0 B             109 kB
├ ƒ /api/activate/check-oes-view                                          0 B             109 kB
├ ƒ /api/activate/check-photos                                            0 B             109 kB
├ ƒ /api/activate/dr-acknowledgment                                       0 B             109 kB
├ ƒ /api/activate/drops                                                   0 B             109 kB
├ ƒ /api/activate/ensure-data                                             0 B             109 kB
├ ƒ /api/activate/evaluate                                                0 B             109 kB
├ ƒ /api/activate/export                                                  0 B             109 kB
├ ƒ /api/activate/extract-data                                            0 B             109 kB
├ ƒ /api/activate/fetch-photos                                            0 B             109 kB
├ ƒ /api/activate/final-decision                                          0 B             109 kB
├ ƒ /api/activate/health-check                                            0 B             109 kB
├ ƒ /api/activate/human-review                                            0 B             109 kB
├ ƒ /api/activate/import-oes                                              0 B             109 kB
├ ƒ /api/activate/import-offline                                          0 B             109 kB
├ ƒ /api/activate/import-pp-data                                          0 B             109 kB
├ ƒ /api/activate/photo/[...path]                                         0 B             109 kB
├ ƒ /api/activate/pp-data-resolve                                         0 B             109 kB
├ ƒ /api/activate/pp-data-tickets                                         0 B             109 kB
├ ƒ /api/activate/process-new-dr                                          0 B             109 kB
├ ƒ /api/activate/process-wa-photo-vlm                                    0 B             109 kB
├ ƒ /api/activate/refresh                                                 0 B             109 kB
├ ƒ /api/activate/reporting/activation-progress                           0 B             109 kB
├ ƒ /api/activate/reporting/daily-counts                                  0 B             109 kB
├ ƒ /api/activate/reporting/discrepancy                                   0 B             109 kB
├ ƒ /api/activate/reporting/funnel                                        0 B             109 kB
├ ƒ /api/activate/reporting/installation-gaps                             0 B             109 kB
├ ƒ /api/activate/reporting/maturity-tracking                             0 B             109 kB
├ ƒ /api/activate/reporting/offline-devices                               0 B             109 kB
├ ƒ /api/activate/reporting/pending-aging                                 0 B             109 kB
├ ƒ /api/activate/reporting/resubmissions                                 0 B             109 kB
├ ƒ /api/activate/reporting/serial-mismatches                             0 B             109 kB
├ ƒ /api/activate/reporting/serial-mismatches/create-ticket               0 B             109 kB
├ ƒ /api/activate/reporting/serial-mismatches/update-status               0 B             109 kB
├ ƒ /api/activate/reporting/serial-swaps                                  0 B             109 kB
├ ƒ /api/activate/reporting/serial-swaps/update-status                    0 B             109 kB
├ ƒ /api/activate/reporting/serial-validation                             0 B             109 kB
├ ƒ /api/activate/reporting/team-performance                              0 B             109 kB
├ ƒ /api/activate/reporting/time-to-activation                            0 B             109 kB
├ ƒ /api/activate/reporting/trends                                        0 B             109 kB
├ ƒ /api/activate/reporting/user-attribution                              0 B             109 kB
├ ƒ /api/activate/send-feedback                                           0 B             109 kB
├ ƒ /api/activate/serial-history                                          0 B             109 kB
├ ƒ /api/activate/serial-verification                                     0 B             109 kB
├ ƒ /api/activate/sharepoint-sync                                         0 B             109 kB
├ ƒ /api/activate/sharepoint-sync-batch                                   0 B             109 kB
├ ƒ /api/activate/staff-by-project                                        0 B             109 kB
├ ƒ /api/activate/summary                                                 0 B             109 kB
├ ƒ /api/activate/sync-installer-names                                    0 B             109 kB
├ ƒ /api/activate/sync-oes-to-qfield                                      0 B             109 kB
├ ƒ /api/activate/trigger-qfield-sync                                     0 B             109 kB
├ ƒ /api/activate/update-photo-step                                       0 B             109 kB
├ ƒ /api/activate/validate-prerequisites                                  0 B             109 kB
├ ƒ /api/activate/validate-qa                                             0 B             109 kB
├ ƒ /api/activate/wa-contacts                                             0 B             109 kB
├ ƒ /api/activate/wa-photo/[...path]                                      0 B             109 kB
├ ƒ /api/activate/wa-photos                                               0 B             109 kB
├ ƒ /api/activate/wa-swap-message                                         0 B             109 kB
├ ƒ /api/admin/init-db                                                    0 B             109 kB
├ ƒ /api/admin/permissions                                                0 B             109 kB
├ ƒ /api/admin/permissions/me                                             0 B             109 kB
├ ƒ /api/admin/roles                                                      0 B             109 kB
├ ƒ /api/admin/roles/[role]                                               0 B             109 kB
├ ƒ /api/admin/roles/[role]/permissions-batch                             0 B             109 kB
├ ƒ /api/admin/roles/clone                                                0 B             109 kB
├ ƒ /api/admin/roles/from-user-permissions                                0 B             109 kB
├ ƒ /api/admin/run-migration-033                                          0 B             109 kB
├ ƒ /api/admin/test-auto-sync                                             0 B             109 kB
├ ƒ /api/admin/users                                                      0 B             109 kB
├ ƒ /api/admin/users/[userId]                                             0 B             109 kB
├ ƒ /api/admin/users/[userId]/permissions                                 0 B             109 kB
├ ƒ /api/admin/users/[userId]/permissions-batch                           0 B             109 kB
├ ƒ /api/admin/users/provision-from-staff                                 0 B             109 kB
├ ƒ /api/analytics/dashboard/stats                                        0 B             109 kB
├ ƒ /api/analytics/dashboard/summary                                      0 B             109 kB
├ ƒ /api/analytics/dashboard/trends                                       0 B             109 kB
├ ƒ /api/analytics/errors                                                 0 B             109 kB
├ ƒ /api/analytics/projects/summary                                       0 B             109 kB
├ ƒ /api/analytics/web-vitals                                             0 B             109 kB
├ ƒ /api/auth/check-email                                                 0 B             109 kB
├ ƒ /api/auth/forgot-password                                             0 B             109 kB
├ ƒ /api/auth/login                                                       0 B             109 kB
├ ƒ /api/auth/logout                                                      0 B             109 kB
├ ƒ /api/auth/me                                                          0 B             109 kB
├ ƒ /api/auth/me/teams                                                    0 B             109 kB
├ ƒ /api/auth/reset-password                                              0 B             109 kB
├ ƒ /api/auth/setup-password                                              0 B             109 kB
├ ƒ /api/budget/check                                                     0 B             109 kB
├ ƒ /api/chat/access                                                      0 B             109 kB
├ ƒ /api/chat/query                                                       0 B             109 kB
├ ƒ /api/chat/send                                                        0 B             109 kB
├ ƒ /api/clients                                                          0 B             109 kB
├ ƒ /api/clients/[id]                                                     0 B             109 kB
├ ƒ /api/clients/[id]/projects                                            0 B             109 kB
├ ƒ /api/clients/summary                                                  0 B             109 kB
├ ƒ /api/communications/badge-counts                                      0 B             109 kB
├ ƒ /api/communications/email-outbox                                      0 B             109 kB
├ ƒ /api/communications/email-send                                        0 B             109 kB
├ ƒ /api/communications/feed                                              0 B             109 kB
├ ƒ /api/communications/messages                                          0 B             109 kB
├ ƒ /api/communications/messages-archive                                  0 B             109 kB
├ ƒ /api/communications/messages-read                                     0 B             109 kB
├ ƒ /api/communications/messages-thread                                   0 B             109 kB
├ ƒ /api/communications/messages-unread-count                             0 B             109 kB
├ ƒ /api/communications/settings                                          0 B             109 kB
├ ƒ /api/communications/whatsapp/chat                                     0 B             109 kB
├ ƒ /api/communications/whatsapp/config                                   0 B             109 kB
├ ƒ /api/communications/whatsapp/config/[key]                             0 B             109 kB
├ ƒ /api/communications/whatsapp/groups                                   0 B             109 kB
├ ƒ /api/communications/whatsapp/groups/[id]                              0 B             109 kB
├ ƒ /api/communications/whatsapp/groups/[id]/test                         0 B             109 kB
├ ƒ /api/communications/whatsapp/inbound                                  0 B             109 kB
├ ƒ /api/communications/whatsapp/logs                                     0 B             109 kB
├ ƒ /api/communications/whatsapp/logs/export                              0 B             109 kB
├ ƒ /api/communications/whatsapp/monitored-groups                         0 B             109 kB
├ ƒ /api/communications/whatsapp/monitored-groups/[id]                    0 B             109 kB
├ ƒ /api/communications/whatsapp/phones                                   0 B             109 kB
├ ƒ /api/communications/whatsapp/phones/[id]                              0 B             109 kB
├ ƒ /api/communications/whatsapp/send-message                             0 B             109 kB
├ ƒ /api/communications/whatsapp/services/[service]/logout                0 B             109 kB
├ ƒ /api/communications/whatsapp/services/[service]/pair                  0 B             109 kB
├ ƒ /api/communications/whatsapp/services/[service]/pairing-status        0 B             109 kB
├ ƒ /api/communications/whatsapp/services/[service]/restart               0 B             109 kB
├ ƒ /api/communications/whatsapp/services/status                          0 B             109 kB
├ ƒ /api/communications/whatsapp/templates                                0 B             109 kB
├ ƒ /api/communications/whatsapp/templates/[key]                          0 B             109 kB
├ ƒ /api/construction-qa/export                                           0 B             109 kB
├ ƒ /api/construction-qa/features                                         0 B             109 kB
├ ƒ /api/construction-qa/final-decision                                   0 B             109 kB
├ ƒ /api/construction-qa/ingest-qfield                                    0 B             109 kB
├ ƒ /api/construction-qa/photo-proxy                                      0 B             109 kB
├ ƒ /api/construction-qa/photo-step                                       0 B             109 kB
├ ƒ /api/construction-qa/pon-features                                     0 B             109 kB
├ ƒ /api/construction-qa/project-dashboard                                0 B             109 kB
├ ƒ /api/construction-qa/reports                                          0 B             109 kB
├ ƒ /api/construction-qa/review                                           0 B             109 kB
├ ƒ /api/construction-qa/search                                           0 B             109 kB
├ ƒ /api/construction-qa/vlm-validate                                     0 B             109 kB
├ ƒ /api/construction-qa/zone-hierarchy                                   0 B             109 kB
├ ƒ /api/contractors-delete                                               0 B             109 kB
├ ƒ /api/contractors-detail                                               0 B             109 kB
├ ƒ /api/contractors-directors                                            0 B             109 kB
├ ƒ /api/contractors-documents                                            0 B             109 kB
├ ƒ /api/contractors-documents-delete                                     0 B             109 kB
├ ƒ /api/contractors-documents-export                                     0 B             109 kB
├ ƒ /api/contractors-documents-report                                     0 B             109 kB
├ ƒ /api/contractors-documents-report-summary                             0 B             109 kB
├ ƒ /api/contractors-documents-update                                     0 B             109 kB
├ ƒ /api/contractors-documents-upload                                     0 B             109 kB
├ ƒ /api/contractors-documents-verify                                     0 B             109 kB
├ ƒ /api/contractors-onboarding-complete                                  0 B             109 kB
├ ƒ /api/contractors-onboarding-stages                                    0 B             109 kB
├ ƒ /api/contractors-onboarding-stages-update                             0 B             109 kB
├ ƒ /api/contractors-projects                                             0 B             109 kB
├ ƒ /api/contractors-projects-delete                                      0 B             109 kB
├ ƒ /api/contractors-projects-update                                      0 B             109 kB
├ ƒ /api/contractors-rag                                                  0 B             109 kB
├ ƒ /api/contractors-teams                                                0 B             109 kB
├ ƒ /api/contractors-update                                               0 B             109 kB
├ ƒ /api/contractors-verify                                               0 B             109 kB
├ ƒ /api/contractors-verify-individual                                    0 B             109 kB
├ ƒ /api/contractors/[contractorId]                                       0 B             109 kB
├ ƒ /api/contractors/[contractorId]/onboarding/complete                   0 B             109 kB
├ ƒ /api/contractors/[contractorId]/onboarding/stages                     0 B             109 kB
├ ƒ /api/contractors/[contractorId]/onboarding/stages/[stageId]           0 B             109 kB
├ ƒ /api/cron/backfill-onemap-data                                        0 B             109 kB
├ ƒ /api/cron/enable-auto-recording                                       0 B             109 kB
├ ƒ /api/cron/fleet-check-reminders                                       0 B             109 kB
├ ƒ /api/cron/poll-teams                                                  0 B             109 kB
├ ƒ /api/cron/process-vlm-queue                                           0 B             109 kB
├ ƒ /api/cron/recheck-onemap-status                                       0 B             109 kB
├ ƒ /api/cron/recurring-invoices                                          0 B             109 kB
├ ƒ /api/cron/recurring-journals                                          0 B             109 kB
├ ƒ /api/cron/renew-graph-subscriptions                                   0 B             109 kB
├ ƒ /api/cron/sage-sync                                                   0 B             109 kB
├ ƒ /api/cron/sync-action-items                                           0 B             109 kB
├ ƒ /api/cron/sync-onemap-serials                                         0 B             109 kB
├ ƒ /api/database/health                                                  0 B             109 kB
├ ƒ /api/database/info                                                    0 B             109 kB
├ ƒ /api/database/query                                                   0 B             109 kB
├ ƒ /api/departments                                                      0 B             109 kB
├ ƒ /api/departments/[id]                                                 0 B             109 kB
├ ƒ /api/departments/[id]/report                                          0 B             109 kB
├ ƒ /api/deployment-health                                                0 B             109 kB
├ ƒ /api/documents-ocr-preview                                            0 B             109 kB
├ ƒ /api/documents/generate-master-build                                  0 B             109 kB
├ ƒ /api/dr-dashboard/[...path]                                           0 B             109 kB
├ ƒ /api/dr-dashboard/evaluate                                            0 B             109 kB
├ ƒ /api/dr-dashboard/sessions                                            0 B             109 kB
├ ƒ /api/dr-dashboard/sessions/[dr]/[...action]                           0 B             109 kB
├ ƒ /api/dr-dashboard/vlm-status                                          0 B             109 kB
├ ƒ /api/drops/sync-serials                                               0 B             109 kB
├ ƒ /api/exfo/config                                                      0 B             109 kB
├ ƒ /api/exfo/results                                                     0 B             109 kB
├ ƒ /api/exfo/sync                                                        0 B             109 kB
├ ƒ /api/field-ops/process-photos                                         0 B             109 kB
├ ƒ /api/field-ops/wa-message                                             0 B             109 kB
├ ƒ /api/field-stock/reports/daily-reconciliation                         0 B             109 kB
├ ƒ /api/field/export                                                     0 B             109 kB
├ ƒ /api/field/quality-checks                                             0 B             109 kB
├ ƒ /api/field/schedules                                                  0 B             109 kB
├ ƒ /api/field/sync                                                       0 B             109 kB
├ ƒ /api/field/tasks                                                      0 B             109 kB
├ ƒ /api/field/tasks/[id]                                                 0 B             109 kB
├ ƒ /api/field/technicians                                                0 B             109 kB
├ ƒ /api/fleet/analytics                                                  0 B             109 kB
├ ƒ /api/fleet/analytics/compliance                                       0 B             109 kB
├ ƒ /api/fleet/analytics/cost-trends                                      0 B             109 kB
├ ƒ /api/fleet/analytics/tco                                              0 B             109 kB
├ ƒ /api/fleet/analytics/upcoming-services                                0 B             109 kB
├ ƒ /api/fleet/available-drivers                                          0 B             109 kB
├ ƒ /api/fleet/check-in/audit                                             0 B             109 kB
├ ƒ /api/fleet/check-in/items                                             0 B             109 kB
├ ƒ /api/fleet/check-in/items/[itemId]                                    0 B             109 kB
├ ƒ /api/fleet/check-in/photos                                            0 B             109 kB
├ ƒ /api/fleet/check-in/process-vlm                                       0 B             109 kB
├ ƒ /api/fleet/check-in/records                                           0 B             109 kB
├ ƒ /api/fleet/check-in/records/[recordId]                                0 B             109 kB
├ ƒ /api/fleet/check-in/sync                                              0 B             109 kB
├ ƒ /api/fleet/check-in/templates                                         0 B             109 kB
├ ƒ /api/fleet/check-in/templates/[templateId]                            0 B             109 kB
├ ƒ /api/fleet/check-in/vehicle/[vehicleId]                               0 B             109 kB
├ ƒ /api/fleet/drivers                                                    0 B             109 kB
├ ƒ /api/fleet/drivers-documents                                          0 B             109 kB
├ ƒ /api/fleet/drivers/[staffId]/scorecard                                0 B             109 kB
├ ƒ /api/fleet/drivers/calculate-scores                                   0 B             109 kB
├ ƒ /api/fleet/drivers/leaderboard                                        0 B             109 kB
├ ƒ /api/fleet/expiring                                                   0 B             109 kB
├ ƒ /api/fleet/fuel/anomalies                                             0 B             109 kB
├ ƒ /api/fleet/fuel/anomalies/[id]                                        0 B             109 kB
├ ƒ /api/fleet/fuel/cost-breakdown                                        0 B             109 kB
├ ƒ /api/fleet/fuel/summary                                               0 B             109 kB
├ ƒ /api/fleet/fuel/transactions                                          0 B             109 kB
├ ƒ /api/fleet/fuel/trends                                                0 B             109 kB
├ ƒ /api/fleet/fuel/vehicles                                              0 B             109 kB
├ ƒ /api/fleet/investigation                                              0 B             109 kB
├ ƒ /api/fleet/investigation/[jobId]                                      0 B             109 kB
├ ƒ /api/fleet/investigation/[jobId]/trips                                0 B             109 kB
├ ƒ /api/fleet/investigation/upload                                       0 B             109 kB
├ ƒ /api/fleet/locations                                                  0 B             109 kB
├ ƒ /api/fleet/maintenance/history                                        0 B             109 kB
├ ƒ /api/fleet/maintenance/intervals                                      0 B             109 kB
├ ƒ /api/fleet/maintenance/intervals/[id]                                 0 B             109 kB
├ ƒ /api/fleet/portal/logout                                              0 B             109 kB
├ ƒ /api/fleet/portal/plate-auth                                          0 B             109 kB
├ ƒ /api/fleet/portal/session                                             0 B             109 kB
├ ƒ /api/fleet/portal/verify-plate                                        0 B             109 kB
├ ƒ /api/fleet/upload                                                     0 B             109 kB
├ ƒ /api/fleet/vehicles                                                   0 B             109 kB
├ ƒ /api/fleet/vehicles/[id]/assignment                                   0 B             109 kB
├ ƒ /api/fleet/vehicles/[id]/calibration                                  0 B             109 kB
├ ƒ /api/fleet/vehicles/[id]/check-records                                0 B             109 kB
├ ƒ /api/fleet/vehicles/[id]/documents                                    0 B             109 kB
├ ƒ /api/fleet/vehicles/[id]/finance                                      0 B             109 kB
├ ƒ /api/fleet/vehicles/[id]/fuel                                         0 B             109 kB
├ ƒ /api/fleet/vehicles/[id]/fuel-transactions                            0 B             109 kB
├ ƒ /api/fleet/vehicles/[id]/insurance                                    0 B             109 kB
├ ƒ /api/fleet/vehicles/[id]/lease                                        0 B             109 kB
├ ƒ /api/fleet/vehicles/[id]/license-disc                                 0 B             109 kB
├ ƒ /api/fleet/vehicles/[id]/odometer                                     0 B             109 kB
├ ƒ /api/fleet/vehicles/[id]/odometer-anomalies                           0 B             109 kB
├ ƒ /api/fleet/vehicles/[id]/odometer-photo                               0 B             109 kB
├ ƒ /api/fleet/vehicles/[id]/photos                                       0 B             109 kB
├ ƒ /api/fleet/vehicles/[id]/stats                                        0 B             109 kB
├ ƒ /api/fleet/vehicles/extract-license-disk                              0 B             109 kB
├ ƒ /api/foto/auto-process                                                0 B             109 kB
├ ƒ /api/foto/download-report                                             0 B             109 kB
├ ƒ /api/foto/evaluate                                                    0 B             109 kB
├ ƒ /api/foto/evaluation/[dr_number]                                      0 B             109 kB
├ ƒ /api/foto/feedback                                                    0 B             109 kB
├ ƒ /api/foto/photo-proxy                                                 0 B             109 kB
├ ƒ /api/foto/photos                                                      0 B             109 kB
├ ƒ /api/health                                                           0 B             109 kB
├ ƒ /api/health-safety/audits/[auditId]                                   0 B             109 kB
├ ƒ /api/health-safety/checklists                                         0 B             109 kB
├ ƒ /api/health-safety/checklists/[id]                                    0 B             109 kB
├ ƒ /api/health-safety/contractor/[contractorId]/compliance               0 B             109 kB
├ ƒ /api/health-safety/contractor/[contractorId]/documents                0 B             109 kB
├ ƒ /api/health-safety/contractor/[contractorId]/gate-check               0 B             109 kB
├ ƒ /api/health-safety/contractor/documents/[documentId]                  0 B             109 kB
├ ƒ /api/health-safety/dashboard                                          0 B             109 kB
├ ƒ /api/health-safety/incidents                                          0 B             109 kB
├ ƒ /api/health-safety/project/[projectId]/audits                         0 B             109 kB
├ ƒ /api/health-safety/project/[projectId]/config                         0 B             109 kB
├ ƒ /api/health-safety/tickets/[ticketId]/details                         0 B             109 kB
├ ƒ /api/health/db                                                        0 B             109 kB
├ ƒ /api/help-center/manual                                               0 B             109 kB
├ ƒ /api/livekit/config                                                   0 B             109 kB
├ ƒ /api/livekit/recording                                                0 B             109 kB
├ ƒ /api/livekit/recordings                                               0 B             109 kB
├ ƒ /api/livekit/rooms                                                    0 B             109 kB
├ ƒ /api/livekit/schedule                                                 0 B             109 kB
├ ƒ /api/livekit/token                                                    0 B             109 kB
├ ƒ /api/livekit/webhooks                                                 0 B             109 kB
├ ƒ /api/maintenance/alignment/three-way                                  0 B             109 kB
├ ƒ /api/maintenance/alignment/three-way-apply                            0 B             109 kB
├ ƒ /api/maintenance/migration/status                                     0 B             109 kB
├ ƒ /api/maintenance/migration/vf-renumber                                0 B             109 kB
├ ƒ /api/maintenance/process-photos                                       0 B             109 kB
├ ƒ /api/maintenance/qcontact/alignment                                   0 B             109 kB
├ ƒ /api/maintenance/qcontact/alignment-apply                             0 B             109 kB
├ ƒ /api/maintenance/qcontact/debug-case                                  0 B             109 kB
├ ƒ /api/maintenance/qcontact/discover-statuses                           0 B             109 kB
├ ƒ /api/maintenance/statuses                                             0 B             109 kB
├ ƒ /api/maintenance/verification                                         0 B             109 kB
├ ƒ /api/maintenance/verification-step                                    0 B             109 kB
├ ƒ /api/maintenance/wa-dr-photos                                         0 B             109 kB
├ ƒ /api/maintenance/wa-message                                           0 B             109 kB
├ ƒ /api/maintenance/wa-messages                                          0 B             109 kB
├ ƒ /api/maintenance/wa-photos/[...path]                                  0 B             109 kB
├ ƒ /api/maintenance/wa-ticket                                            0 B             109 kB
├ ƒ /api/marketing-activations                                            0 B             109 kB
├ ƒ /api/materials/catalog                                                0 B             109 kB
├ ƒ /api/meetings                                                         0 B             109 kB
├ ƒ /api/meetings-sync-cron                                               0 B             109 kB
├ ƒ /api/meetings/[id]/export                                             0 B             109 kB
├ ƒ /api/meetings/[id]/notes                                              0 B             109 kB
├ ƒ /api/meetings/[id]/recording                                          0 B             109 kB
├ ƒ /api/meetings/[id]/transcript                                         0 B             109 kB
├ ƒ /api/meetings/process/[id]                                            0 B             109 kB
├ ƒ /api/meetings/reprocess-pending                                       0 B             109 kB
├ ƒ /api/meetings/sync-teams                                              0 B             109 kB
├ ƒ /api/meetings/webhook                                                 0 B             109 kB
├ ƒ /api/mission-control/[...path]                                        0 B             109 kB
├ ƒ /api/monitoring/health                                                0 B             109 kB
├ ƒ /api/nokia/velocity                                                   0 B             109 kB
├ ƒ /api/notifications                                                    0 B             109 kB
├ ƒ /api/notifications/mark-all-read                                      0 B             109 kB
├ ƒ /api/notifications/mark-read                                          0 B             109 kB
├ ƒ /api/notifications/preferences                                        0 B             109 kB
├ ƒ /api/notifications/test                                               0 B             109 kB
├ ƒ /api/notifications/unread-count                                       0 B             109 kB
├ ƒ /api/odoo/sync/assets                                                 0 B             109 kB
├ ƒ /api/odoo/sync/attachments                                            0 B             109 kB
├ ƒ /api/odoo/sync/stock-movements                                        0 B             109 kB
├ ƒ /api/onemap/process-sync-queue                                        0 B             109 kB
├ ƒ /api/onemap/properties                                                0 B             109 kB
├ ƒ /api/onemap/properties-enhanced                                       0 B             109 kB
├ ƒ /api/onemap/properties-with-mapping                                   0 B             109 kB
├ ƒ /api/onemap/sync-serials                                              0 B             109 kB
├ ƒ /api/onemap/sync-stages                                               0 B             109 kB
├ ƒ /api/onemap/upload                                                    0 B             109 kB
├ ƒ /api/pipeline/approval-types                                          0 B             109 kB
├ ƒ /api/pipeline/approvals/[id]                                          0 B             109 kB
├ ƒ /api/pipeline/approvals/[id]/approve                                  0 B             109 kB
├ ƒ /api/pipeline/approvals/[id]/documents                                0 B             109 kB
├ ƒ /api/pipeline/approvals/[id]/documents/[docId]                        0 B             109 kB
├ ƒ /api/pipeline/approvals/[id]/internal-approve                         0 B             109 kB
├ ƒ /api/pipeline/approvals/[id]/reject                                   0 B             109 kB
├ ƒ /api/pipeline/approvals/[id]/submit                                   0 B             109 kB
├ ƒ /api/pipeline/authorities                                             0 B             109 kB
├ ƒ /api/pipeline/authorities/[id]                                        0 B             109 kB
├ ƒ /api/pipeline/authorities/search                                      0 B             109 kB
├ ƒ /api/pipeline/dashboard                                               0 B             109 kB
├ ƒ /api/pipeline/documents/[...path]                                     0 B             109 kB
├ ƒ /api/pipeline/expiring                                                0 B             109 kB
├ ƒ /api/pipeline/followups                                               0 B             109 kB
├ ƒ /api/pipeline/projects                                                0 B             109 kB
├ ƒ /api/pipeline/projects/[id]                                           0 B             109 kB
├ ƒ /api/pipeline/projects/[id]/approvals                                 0 B             109 kB
├ ƒ /api/pipeline/projects/[id]/bulk-internal-approve                     0 B             109 kB
├ ƒ /api/pipeline/projects/[id]/documents                                 0 B             109 kB
├ ƒ /api/pipeline/projects/[id]/receive-po                                0 B             109 kB
├ ƒ /api/pipeline/projects/[id]/transition                                0 B             109 kB
├ ƒ /api/pipeline/projects/search                                         0 B             109 kB
├ ƒ /api/pipeline/smartsheet/config                                       0 B             109 kB
├ ƒ /api/pipeline/smartsheet/history                                      0 B             109 kB
├ ƒ /api/pipeline/smartsheet/sheets                                       0 B             109 kB
├ ƒ /api/pipeline/smartsheet/sync                                         0 B             109 kB
├ ƒ /api/pipeline/smartsheet/sync-documents                               0 B             109 kB
├ ƒ /api/pole-photos-delete                                               0 B             109 kB
├ ƒ /api/pole-photos-upload                                               0 B             109 kB
├ ƒ /api/poles                                                            0 B             109 kB
├ ƒ /api/procurement/adjustments                                          0 B             109 kB
├ ƒ /api/procurement/aggregate-metrics                                    0 B             109 kB
├ ƒ /api/procurement/approvals/[id]/approve                               0 B             109 kB
├ ƒ /api/procurement/approvals/[id]/reject                                0 B             109 kB
├ ƒ /api/procurement/approvals/pending                                    0 B             109 kB
├ ƒ /api/procurement/audit-logs                                           0 B             109 kB
├ ƒ /api/procurement/boq                                                  0 B             109 kB
├ ƒ /api/procurement/boq-lifecycle                                        0 B             109 kB
├ ƒ /api/procurement/boq/[id]                                             0 B             109 kB
├ ƒ /api/procurement/boq/change-history                                   0 B             109 kB
├ ƒ /api/procurement/boq/detect-columns                                   0 B             109 kB
├ ƒ /api/procurement/boq/import-enhanced                                  0 B             109 kB
├ ƒ /api/procurement/boq/import-mapped                                    0 B             109 kB
├ ƒ /api/procurement/boq/map-stock-item                                   0 B             109 kB
├ ƒ /api/procurement/boq/rematch-stock                                    0 B             109 kB
├ ƒ /api/procurement/boq/templates                                        0 B             109 kB
├ ƒ /api/procurement/boq/update-items                                     0 B             109 kB
├ ƒ /api/procurement/boq/versions                                         0 B             109 kB
├ ƒ /api/procurement/budget/dashboard                                     0 B             109 kB
├ ƒ /api/procurement/budget/templates                                     0 B             109 kB
├ ƒ /api/procurement/budget/templates/[id]                                0 B             109 kB
├ ƒ /api/procurement/budget/templates/apply                               0 B             109 kB
├ ƒ /api/procurement/bundles                                              0 B             109 kB
├ ƒ /api/procurement/bundles/[id]                                         0 B             109 kB
├ ƒ /api/procurement/bundles/[id]/items                                   0 B             109 kB
├ ƒ /api/procurement/bundles/[id]/items/[itemId]                          0 B             109 kB
├ ƒ /api/procurement/bundles/reports/consumption                          0 B             109 kB
├ ƒ /api/procurement/bundles/reports/cost-analysis                        0 B             109 kB
├ ƒ /api/procurement/bundles/reports/inventory-value                      0 B             109 kB
├ ƒ /api/procurement/bundles/reports/usage                                0 B             109 kB
├ ƒ /api/procurement/categories                                           0 B             109 kB
├ ƒ /api/procurement/categories/[id]                                      0 B             109 kB
├ ƒ /api/procurement/cost-centers                                         0 B             109 kB
├ ƒ /api/procurement/cost-centers/[id]                                    0 B             109 kB
├ ƒ /api/procurement/cost-centers/[id]/allocations                        0 B             109 kB
├ ƒ /api/procurement/cost-centers/[id]/transactions                       0 B             109 kB
├ ƒ /api/procurement/cost-centers/types                                   0 B             109 kB
├ ƒ /api/procurement/documents                                            0 B             109 kB
├ ƒ /api/procurement/fault-reports                                        0 B             109 kB
├ ƒ /api/procurement/fault-reports/[faultId]                              0 B             109 kB
├ ƒ /api/procurement/fault-reports/analytics                              0 B             109 kB
├ ƒ /api/procurement/field-stock/accountability                           0 B             109 kB
├ ƒ /api/procurement/field-stock/accountability/[contractorId]            0 B             109 kB
├ ƒ /api/procurement/field-stock/accountability/[contractorId]/block      0 B             109 kB
├ ƒ /api/procurement/field-stock/accountability/[contractorId]/reconcile  0 B             109 kB
├ ƒ /api/procurement/field-stock/accountability/[contractorId]/unblock    0 B             109 kB
├ ƒ /api/procurement/field-stock/consumptions                             0 B             109 kB
├ ƒ /api/procurement/field-stock/consumptions/[consumptionId]/verify      0 B             109 kB
├ ƒ /api/procurement/field-stock/dashboard                                0 B             109 kB
├ ƒ /api/procurement/field-stock/items                                    0 B             109 kB
├ ƒ /api/procurement/field-stock/locations                                0 B             109 kB
├ ƒ /api/procurement/field-stock/locations/[locationId]                   0 B             109 kB
├ ƒ /api/procurement/field-stock/movements/[movementId]/reverse           0 B             109 kB
├ ƒ /api/procurement/field-stock/pickings                                 0 B             109 kB
├ ƒ /api/procurement/field-stock/pickings/[pickingId]                     0 B             109 kB
├ ƒ /api/procurement/field-stock/pickings/[pickingId]/cancel              0 B             109 kB
├ ƒ /api/procurement/field-stock/pickings/[pickingId]/confirm             0 B             109 kB
├ ƒ /api/procurement/field-stock/pickings/[pickingId]/process             0 B             109 kB
├ ƒ /api/procurement/field-stock/pickings/[pickingId]/sign                0 B             109 kB
├ ƒ /api/procurement/field-stock/returns                                  0 B             109 kB
├ ƒ /api/procurement/field-stock/returns/[returnId]/accept                0 B             109 kB
├ ƒ /api/procurement/field-stock/returns/[returnId]/inspect               0 B             109 kB
├ ƒ /api/procurement/field-stock/serials                                  0 B             109 kB
├ ƒ /api/procurement/field-stock/serials/[serialNumber]                   0 B             109 kB
├ ƒ /api/procurement/field-stock/serials/transition                       0 B             109 kB
├ ƒ /api/procurement/grn                                                  0 B             109 kB
├ ƒ /api/procurement/grn-confirm                                          0 B             109 kB
├ ƒ /api/procurement/grn-export                                           0 B             109 kB
├ ƒ /api/procurement/grn/[id]                                             0 B             109 kB
├ ƒ /api/procurement/grn/[id]/register-assets                             0 B             109 kB
├ ƒ /api/procurement/metrics/aggregate                                    0 B             109 kB
├ ƒ /api/procurement/open-orders                                          0 B             109 kB
├ ƒ /api/procurement/open-orders-export                                   0 B             109 kB
├ ƒ /api/procurement/payment-requests                                     0 B             109 kB
├ ƒ /api/procurement/projects/summaries                                   0 B             109 kB
├ ƒ /api/procurement/purchase-orders                                      0 B             109 kB
├ ƒ /api/procurement/purchase-orders-approval                             0 B             109 kB
├ ƒ /api/procurement/purchase-orders-export                               0 B             109 kB
├ ƒ /api/procurement/purchase-orders/[id]                                 0 B             109 kB
├ ƒ /api/procurement/quote-evaluations                                    0 B             109 kB
├ ƒ /api/procurement/quotes/create-from-extraction                        0 B             109 kB
├ ƒ /api/procurement/quotes/extract-from-document                         0 B             109 kB
├ ƒ /api/procurement/reports-data                                         0 B             109 kB
├ ƒ /api/procurement/requisitions                                         0 B             109 kB
├ ƒ /api/procurement/requisitions-export                                  0 B             109 kB
├ ƒ /api/procurement/requisitions/[id]                                    0 B             109 kB
├ ƒ /api/procurement/requisitions/[id]/convert-to-po                      0 B             109 kB
├ ƒ /api/procurement/requisitions/[id]/create-rfq                         0 B             109 kB
├ ƒ /api/procurement/requisitions/[id]/submit                             0 B             109 kB
├ ƒ /api/procurement/rfq                                                  0 B             109 kB
├ ƒ /api/procurement/rfq/[id]                                             0 B             109 kB
├ ƒ /api/procurement/rfq/[id]/convert-to-po                               0 B             109 kB
├ ƒ /api/procurement/spend-by-supplier-export                             0 B             109 kB
├ ƒ /api/procurement/stock                                                0 B             109 kB
├ ƒ /api/procurement/stock-categories                                     0 B             109 kB
├ ƒ /api/procurement/stock-items                                          0 B             109 kB
├ ƒ /api/procurement/stock-items-search                                   0 B             109 kB
├ ƒ /api/procurement/stock-takes                                          0 B             109 kB
├ ƒ /api/procurement/stock-takes/[id]                                     0 B             109 kB
├ ƒ /api/procurement/stock-takes/[id]/actions                             0 B             109 kB
├ ƒ /api/procurement/stock-takes/[id]/count                               0 B             109 kB
├ ƒ /api/procurement/stock-takes/[id]/lines                               0 B             109 kB
├ ƒ /api/procurement/stock-takes/reasons                                  0 B             109 kB
├ ƒ /api/procurement/supplier-item-codes                                  0 B             109 kB
├ ƒ /api/procurement/tab-badges                                           0 B             109 kB
├ ƒ /api/procurement/threads                                              0 B             109 kB
├ ƒ /api/procurement/threads/[id]                                         0 B             109 kB
├ ƒ /api/project-import                                                   0 B             109 kB
├ ƒ /api/project-import/status                                            0 B             109 kB
├ ƒ /api/project-import/validate                                          0 B             109 kB
├ ƒ /api/projects                                                         0 B             109 kB
├ ƒ /api/projects/[projectId]                                             0 B             109 kB
├ ƒ /api/projects/[projectId]/activation-check                            0 B             109 kB
├ ƒ /api/projects/[projectId]/agreements                                  0 B             109 kB
├ ƒ /api/projects/[projectId]/agreements/generate-pdf                     0 B             109 kB
├ ƒ /api/projects/[projectId]/boq-utilization                             0 B             109 kB
├ ƒ /api/projects/[projectId]/boq-utilization-export                      0 B             109 kB
├ ƒ /api/projects/[projectId]/budget                                      0 B             109 kB
├ ƒ /api/projects/[projectId]/budget/adjust                               0 B             109 kB
├ ƒ /api/projects/[projectId]/budget/alerts                               0 B             109 kB
├ ƒ /api/projects/[projectId]/budget/alerts/[alertId]                     0 B             109 kB
├ ƒ /api/projects/[projectId]/budget/categories                           0 B             109 kB
├ ƒ /api/projects/[projectId]/budget/items                                0 B             109 kB
├ ƒ /api/projects/[projectId]/budget/sync-boq                             0 B             109 kB
├ ƒ /api/projects/[projectId]/budget/transactions                         0 B             109 kB
├ ƒ /api/projects/[projectId]/client-pos                                  0 B             109 kB
├ ƒ /api/projects/[projectId]/client-pos/[poId]                           0 B             109 kB
├ ƒ /api/projects/[projectId]/client-pos/[poId]/assign-drops              0 B             109 kB
├ ƒ /api/projects/[projectId]/client-pos/extract-from-pdf                 0 B             109 kB
├ ƒ /api/projects/[projectId]/contractors-hs                              0 B             109 kB
├ ƒ /api/projects/[projectId]/customer-invoices                           0 B             109 kB
├ ƒ /api/projects/[projectId]/customer-invoices/[invoiceId]               0 B             109 kB
├ ƒ /api/projects/[projectId]/customer-invoices/generate                  0 B             109 kB
├ ƒ /api/projects/[projectId]/dashboard                                   0 B             109 kB
├ ƒ /api/projects/[projectId]/documents                                   0 B             109 kB
├ ƒ /api/projects/[projectId]/documents/[documentId]                      0 B             109 kB
├ ƒ /api/projects/[projectId]/drops/uninvoiced                            0 B             109 kB
├ ƒ /api/projects/[projectId]/finance/dashboard                           0 B             109 kB
├ ƒ /api/projects/[projectId]/hs-summary                                  0 B             109 kB
├ ƒ /api/projects/[projectId]/incidents                                   0 B             109 kB
├ ƒ /api/projects/[projectId]/maintenance-summary                         0 B             109 kB
├ ƒ /api/projects/[projectId]/phases                                      0 B             109 kB
├ ƒ /api/projects/[projectId]/phases/[phaseId]                            0 B             109 kB
├ ƒ /api/projects/[projectId]/pipeline-links                              0 B             109 kB
├ ƒ /api/projects/[projectId]/pipeline-links/[linkId]                     0 B             109 kB
├ ƒ /api/projects/[projectId]/pon-stages                                  0 B             109 kB
├ ƒ /api/projects/[projectId]/prereqs                                     0 B             109 kB
├ ƒ /api/projects/[projectId]/prereqs-apply-template                      0 B             109 kB
├ ƒ /api/projects/[projectId]/procurement-summary                         0 B             109 kB
├ ƒ /api/projects/[projectId]/progress                                    0 B             109 kB
├ ƒ /api/projects/[projectId]/requirements                                0 B             109 kB
├ ƒ /api/projects/[projectId]/requirements/[requirementId]                0 B             109 kB
├ ƒ /api/projects/[projectId]/requirements/seed                           0 B             109 kB
├ ƒ /api/projects/[projectId]/spare-usage                                 0 B             109 kB
├ ƒ /api/projects/[projectId]/staff                                       0 B             109 kB
├ ƒ /api/projects/[projectId]/team                                        0 B             109 kB
├ ƒ /api/projects/[projectId]/timeline                                    0 B             109 kB
├ ƒ /api/projects/[projectId]/wayleaves                                   0 B             109 kB
├ ƒ /api/projects/[projectId]/wayleaves/[approvalId]                      0 B             109 kB
├ ƒ /api/projects/expiring-documents                                      0 B             109 kB
├ ƒ /api/projects/portfolio-dashboard                                     0 B             109 kB
├ ƒ /api/projects/search                                                  0 B             109 kB
├ ƒ /api/projects/search-for-linking                                      0 B             109 kB
├ ƒ /api/projects/stale                                                   0 B             109 kB
├ ƒ /api/projects/stats                                                   0 B             109 kB
├ ƒ /api/qa-review-history                                                0 B             109 kB
├ ƒ /api/qcontact-sync-cron                                               0 B             109 kB
├ ƒ /api/qfield                                                           0 B             109 kB
├ ƒ /api/qfield-sync-cables                                               0 B             109 kB
├ ƒ /api/qfield-sync-current                                              0 B             109 kB
├ ƒ /api/qfield-sync-dashboard                                            0 B             109 kB
├ ƒ /api/qfield-sync-drops                                                0 B             109 kB
├ ƒ /api/qfield-sync-history                                              0 B             109 kB
├ ƒ /api/qfield-sync-poles                                                0 B             109 kB
├ ƒ /api/qfield-sync-start                                                0 B             109 kB
├ ƒ /api/qfield/gpkg-import                                               0 B             109 kB
├ ƒ /api/qfield/gpkg-layers                                               0 B             109 kB
├ ƒ /api/qfield/gpkg-preview                                              0 B             109 kB
├ ƒ /api/qfield/oes-sync                                                  0 B             109 kB
├ ƒ /api/qfield/oes-upload                                                0 B             109 kB
├ ƒ /api/qfield/photo-proxy                                               0 B             109 kB
├ ƒ /api/qfield/poles-sync                                                0 B             109 kB
├ ƒ /api/qfield/projects                                                  0 B             109 kB
├ ƒ /api/qfield/projects/[id]                                             0 B             109 kB
├ ƒ /api/qfield/projects/discover                                         0 B             109 kB
├ ƒ /api/qfield/qa-actions                                                0 B             109 kB
├ ƒ /api/qfield/qa-assignments                                            0 B             109 kB
├ ƒ /api/qfield/qa-hierarchy                                              0 B             109 kB
├ ƒ /api/qfield/qa-projects                                               0 B             109 kB
├ ƒ /api/qfield/qa-stats                                                  0 B             109 kB
├ ƒ /api/qfield/qa-validate                                               0 B             109 kB
├ ƒ /api/qfield/qa-validations                                            0 B             109 kB
├ ƒ /api/qfield/validate-photo                                            0 B             109 kB
├ ƒ /api/realtime/poll                                                    0 B             109 kB
├ ƒ /api/reminder-preferences                                             0 B             109 kB
├ ƒ /api/reminders                                                        0 B             109 kB
├ ƒ /api/reminders-delete                                                 0 B             109 kB
├ ƒ /api/reminders-update                                                 0 B             109 kB
├ ƒ /api/reports/progress-today                                           0 B             109 kB
├ ƒ /api/sage/config                                                      0 B             109 kB
├ ƒ /api/sage/config/test                                                 0 B             109 kB
├ ƒ /api/sage/mappings/business-units                                     0 B             109 kB
├ ƒ /api/sage/mappings/sites                                              0 B             109 kB
├ ƒ /api/sage/oauth/authorize                                             0 B             109 kB
├ ƒ /api/sage/oauth/callback                                              0 B             109 kB
├ ƒ /api/sage/reports/cost-breakdown                                      0 B             109 kB
├ ƒ /api/sage/reports/pnl-by-bu                                           0 B             109 kB
├ ƒ /api/sage/reports/pnl-by-site                                         0 B             109 kB
├ ƒ /api/sage/reports/project-financials                                  0 B             109 kB
├ ƒ /api/sage/sync/analysis                                               0 B             109 kB
├ ƒ /api/sage/sync/chart-of-accounts                                      0 B             109 kB
├ ƒ /api/sage/sync/customer-invoices                                      0 B             109 kB
├ ƒ /api/sage/sync/customers                                              0 B             109 kB
├ ƒ /api/sage/sync/invoices                                               0 B             109 kB
├ ƒ /api/sage/sync/ledger                                                 0 B             109 kB
├ ƒ /api/sage/sync/payments                                               0 B             109 kB
├ ƒ /api/sage/sync/suppliers                                              0 B             109 kB
├ ƒ /api/sage/webhooks                                                    0 B             109 kB
├ ƒ /api/search                                                           0 B             109 kB
├ ƒ /api/settings/procurement/notifications                               0 B             109 kB
├ ƒ /api/settings/procurement/sequences                                   0 B             109 kB
├ ƒ /api/settings/procurement/terms                                       0 B             109 kB
├ ƒ /api/settings/procurement/workflows                                   0 B             109 kB
├ ƒ /api/settings/system/features                                         0 B             109 kB
├ ƒ /api/sow                                                              0 B             109 kB
├ ƒ /api/sow/drops                                                        0 B             109 kB
├ ƒ /api/sow/drops/search                                                 0 B             109 kB
├ ƒ /api/sow/drops/stats                                                  0 B             109 kB
├ ƒ /api/sow/fibre                                                        0 B             109 kB
├ ƒ /api/sow/import                                                       0 B             109 kB
├ ƒ /api/sow/import-status                                                0 B             109 kB
├ ƒ /api/sow/import/[importId]/status                                     0 B             109 kB
├ ƒ /api/sow/list                                                         0 B             109 kB
├ ƒ /api/sow/poles                                                        0 B             109 kB
├ ƒ /api/sow/project                                                      0 B             109 kB
├ ƒ /api/sow/project/[projectId]                                          0 B             109 kB
├ ƒ /api/sow/project/[projectId]/import                                   0 B             109 kB
├ ƒ /api/sow/project/[projectId]/poles-with-drops                         0 B             109 kB
├ ƒ /api/sow/project/[projectId]/summary                                  0 B             109 kB
├ ƒ /api/sow/summary                                                      0 B             109 kB
├ ƒ /api/sow/tables/check                                                 0 B             109 kB
├ ƒ /api/staff                                                            0 B             109 kB
├ ƒ /api/staff-documents-download                                         0 B             109 kB
├ ƒ /api/staff-documents-upload                                           0 B             109 kB
├ ƒ /api/staff-documents/[documentId]                                     0 B             109 kB
├ ƒ /api/staff-documents/[documentId]/verify                              0 B             109 kB
├ ƒ /api/staff-documents/expiring                                         0 B             109 kB
├ ƒ /api/staff/[staffId]/audit-log                                        0 B             109 kB
├ ƒ /api/staff/[staffId]/compare-photos                                   0 B             109 kB
├ ƒ /api/staff/[staffId]/compliance                                       0 B             109 kB
├ ƒ /api/staff/[staffId]/cv-upload                                        0 B             109 kB
├ ƒ /api/staff/[staffId]/disciplinary                                     0 B             109 kB
├ ƒ /api/staff/[staffId]/documents                                        0 B             109 kB
├ ƒ /api/staff/[staffId]/extract-id-photo                                 0 B             109 kB
├ ƒ /api/staff/[staffId]/notes                                            0 B             109 kB
├ ƒ /api/staff/[staffId]/notes/[noteId]                                   0 B             109 kB
├ ƒ /api/staff/[staffId]/performance                                      0 B             109 kB
├ ƒ /api/staff/[staffId]/profile-photo                                    0 B             109 kB
├ ƒ /api/staff/[staffId]/projects                                         0 B             109 kB
├ ƒ /api/staff/[staffId]/validate-document                                0 B             109 kB
├ ƒ /api/staff/[staffId]/vehicles                                         0 B             109 kB
├ ƒ /api/staff/access-level                                               0 B             109 kB
├ ƒ /api/staff/alerts                                                     0 B             109 kB
├ ƒ /api/staff/send-alerts                                                0 B             109 kB
├ ƒ /api/stock-items                                                      0 B             109 kB
├ ƒ /api/stock-items/[itemId]                                             0 B             109 kB
├ ƒ /api/stock-items/checkin                                              0 B             109 kB
├ ƒ /api/stock-items/checkout                                             0 B             109 kB
├ ƒ /api/stock-items/checkouts                                            0 B             109 kB
├ ƒ /api/stock-items/stock-items-export                                   0 B             109 kB
├ ƒ /api/storage/delete                                                   0 B             109 kB
├ ƒ /api/storage/list                                                     0 B             109 kB
├ ƒ /api/storage/upload                                                   0 B             109 kB
├ ƒ /api/suppliers                                                        0 B             109 kB
├ ƒ /api/suppliers/[supplierId]                                           0 B             109 kB
├ ƒ /api/suppliers/[supplierId]/compliance                                0 B             109 kB
├ ƒ /api/suppliers/[supplierId]/ratings                                   0 B             109 kB
├ ƒ /api/suppliers/statistics                                             0 B             109 kB
├ ƒ /api/suppliers/suppliers-export                                       0 B             109 kB
├ ƒ /api/system/approve-recovery                                          0 B             109 kB
├ ƒ /api/system/data-sync/history                                         0 B             109 kB
├ ƒ /api/system/data-sync/stats                                           0 B             109 kB
├ ƒ /api/system/health                                                    0 B             109 kB
├ ƒ /api/system/olt-report                                                0 B             109 kB
├ ƒ /api/system/olt-report/[importId]                                     0 B             109 kB
├ ƒ /api/system/olt-report/admin-users                                    0 B             109 kB
├ ƒ /api/system/olt-report/auto-detect                                    0 B             109 kB
├ ƒ /api/system/olt-report/auto-detect-status                             0 B             109 kB
├ ƒ /api/system/olt-report/check-displaced                                0 B             109 kB
├ ƒ /api/system/olt-report/cross-dr-lookup                                0 B             109 kB
├ ƒ /api/system/olt-report/displaced-report                               0 B             109 kB
├ ƒ /api/system/olt-report/fix-1map                                       0 B             109 kB
├ ƒ /api/system/olt-report/fix-status                                     0 B             109 kB
├ ƒ /api/system/olt-report/import                                         0 B             109 kB
├ ƒ /api/system/olt-report/imports                                        0 B             109 kB
├ ƒ /api/system/olt-report/process-lookup-queue                           0 B             109 kB
├ ƒ /api/system/olt-report/records                                        0 B             109 kB
├ ƒ /api/system/olt-report/reporting                                      0 B             109 kB
├ ƒ /api/system/olt-report/resolve                                        0 B             109 kB
├ ƒ /api/system/olt-report/stats                                          0 B             109 kB
├ ƒ /api/system/olt-report/swap-fix                                       0 B             109 kB
├ ƒ /api/system/self-healing                                              0 B             109 kB
├ ƒ /api/system/services                                                  0 B             109 kB
├ ƒ /api/system/stats                                                     0 B             109 kB
├ ƒ /api/system/vlm/corrections                                           0 B             109 kB
├ ƒ /api/system/vlm/metrics                                               0 B             109 kB
├ ƒ /api/technicians                                                      0 B             109 kB
├ ƒ /api/technicians/[id]/performance                                     0 B             109 kB
├ ƒ /api/technicians/discover                                             0 B             109 kB
├ ƒ /api/uploads/[...path]                                                0 B             109 kB
├ ƒ /api/user-sidebar-preferences                                         0 B             109 kB
├ ƒ /api/users/profile                                                    0 B             109 kB
├ ƒ /api/version                                                          0 B             109 kB
├ ƒ /api/vlm-learning/record-po-corrections                               0 B             109 kB
├ ƒ /api/wa-digest/generate                                               0 B             109 kB
├ ƒ /api/wa-monitor-daily-drops                                           0 B             109 kB
├ ƒ /api/wa-monitor-dr-validation                                         0 B             109 kB
├ ƒ /api/wa-monitor-drops                                                 0 B             109 kB
├ ƒ /api/wa-monitor-drops/[id]                                            0 B             109 kB
├ ƒ /api/wa-monitor-drops/[id]/lock                                       0 B             109 kB
├ ƒ /api/wa-monitor-drops/[id]/unlock                                     0 B             109 kB
├ ƒ /api/wa-monitor-health                                                0 B             109 kB
├ ƒ /api/wa-monitor-project-stats                                         0 B             109 kB
├ ƒ /api/wa-monitor-projects-summary                                      0 B             109 kB
├ ƒ /api/wa-monitor-scan-serial                                           0 B             109 kB
├ ƒ /api/wa-monitor-send-feedback                                         0 B             109 kB
├ ƒ /api/wa-monitor-sync-sharepoint                                       0 B             109 kB
├ ƒ /api/wa-monitor-sync-sharepoint-test                                  0 B             109 kB
├ ƒ /api/ws                                                               0 B             109 kB
├ ○ /auth/forgot-password                                                 2.24 kB         142 kB
├ ○ /auth/reset-password                                                  2.64 kB         142 kB
├ ƒ /clients                                                              807 B           124 kB
├ ƒ /clients/[id]                                                         517 B           124 kB
├ ƒ /clients/[id]/edit                                                    349 B           277 kB
├ ƒ /clients/new                                                          345 B           277 kB
├ ƒ /communications                                                       24.2 kB         150 kB
├ ○ /communications/help-center                                           67.9 kB         213 kB
├ ƒ /communications/mission-control                                       7.98 kB         131 kB
├ ○ /communications/whatsapp                                              21.9 kB         167 kB
├ ƒ /daily-progress                                                       260 B           110 kB
├ ƒ /dashboard                                                            13.1 kB         342 kB
├ ○ /deployment                                                           4.69 kB         128 kB
├ ○ /dr-review                                                            5.91 kB         115 kB
├ ƒ /drops                                                                5.13 kB         128 kB
├ ƒ /enhanced-kpis                                                        2.51 kB         126 kB
├ ƒ /fiber-stringing                                                      3.95 kB         127 kB
├ ○ /fibreflow                                                            3.19 kB         230 kB
├ ƒ /field                                                                7.5 kB          125 kB
├ ○ /field-ops                                                            5.22 kB         139 kB
├ ○ /field-ops/[reviewId]                                                 44.4 kB         179 kB
├ ○ /field-ops/otdr                                                       9.35 kB         164 kB
├ ○ /field-ops/project/[projectId]                                        7.21 kB         165 kB
├ ○ /field-ops/reports                                                    7.33 kB         250 kB
├ ○ /fleet                                                                7.4 kB          138 kB
├ ○ /fleet/analytics                                                      12.3 kB         265 kB
├ ƒ /fleet/check-in                                                       17.6 kB         127 kB
├ ○ /fleet/check-in/history                                               8.04 kB         153 kB
├ ƒ /fleet/check-in/templates                                             5.11 kB         150 kB
├ ○ /fleet/drivers                                                        16.8 kB         273 kB
├ ○ /fleet/drivers/[staffId]                                              563 B           110 kB
├ ○ /fleet/fuel                                                           8.62 kB         139 kB
├ ○ /fleet/investigation                                                  6.29 kB         154 kB
├ ƒ /fleet/investigation/[jobId]                                          5.31 kB         131 kB
├ ○ /fleet/locations                                                      6.09 kB         136 kB
├ ○ /fleet/maintenance                                                    9.41 kB         140 kB
├ ○ /fleet/portal                                                         17.3 kB         127 kB
├ ○ /fleet/vehicles                                                       9.83 kB         140 kB
├ ○ /fleet/vehicles/[id]                                                  23.7 kB         160 kB
├ ○ /fleet/vehicles/[id]/check-in-history                                 3.99 kB         116 kB
├ ƒ /health-safety                                                        260 B           110 kB
├ ƒ /health-safety/audits/[auditId]                                       4.6 kB          141 kB
├ ƒ /health-safety/checklists                                             4.88 kB         141 kB
├ ƒ /health-safety/incidents                                              5.09 kB         142 kB
├ ƒ /health-safety/incidents/new                                          5.86 kB         136 kB
├ ○ /home                                                                 2.09 kB         114 kB
├ ƒ /human-resources                                                      261 B           110 kB
├ ƒ /imports                                                              462 B           124 kB
├ ƒ /installations                                                        3.02 kB         126 kB
├ ○ /inventory/[[...slug]]                                                352 B           110 kB
├ ƒ /kpi-dashboard                                                        3.68 kB         458 kB
├ ƒ /livekit/[roomId]                                                     2.98 kB         112 kB
├ ○ /maintenance/wa-tracking                                              8.99 kB         157 kB
├ ○ /marketing-activations                                                4.47 kB         150 kB
├ ƒ /meetings                                                             255 B           110 kB
├ ƒ /migration-status                                                     17.1 kB         151 kB
├ ƒ /nokia-equipment                                                      1.89 kB         125 kB
├ ƒ /onemap                                                               1.6 kB          125 kB
├ ƒ /onemap/export                                                        1.17 kB         124 kB
├ ƒ /onemap/grid                                                          877 B           124 kB
├ ƒ /onemap/import                                                        2.44 kB         126 kB
├ ƒ /onemap/layers                                                        799 B           124 kB
├ ƒ /onemap/map                                                           733 B           124 kB
├ ƒ /onemap/search                                                        1.19 kB         124 kB
├ ○ /photo-review                                                         10.7 kB         132 kB
├ ƒ /pipeline                                                             255 B           110 kB
├ ƒ /pipeline/[id]                                                        258 B           110 kB
├ ƒ /pipeline/alerts                                                      258 B           110 kB
├ ƒ /pipeline/authorities                                                 265 B           110 kB
├ ƒ /pipeline/new                                                         258 B           110 kB
├ ƒ /pole-capture                                                         3.91 kB         121 kB
├ ƒ /pole-tracker                                                         1.87 kB         111 kB
├ ○ /privacy                                                              3.72 kB         116 kB
├ ƒ /procurement                                                          8.13 kB         137 kB
├ ○ /procurement/approvals                                                8.89 kB         154 kB
├ ○ /procurement/audit                                                    9.91 kB         155 kB
├ ƒ /procurement/boq                                                      4.05 kB         155 kB
├ ○ /procurement/boq/[id]                                                 13.6 kB         297 kB
├ ○ /procurement/boq/new                                                  46.9 kB         392 kB
├ ○ /procurement/budget                                                   3.25 kB         152 kB
├ ○ /procurement/bundles                                                  9.46 kB         155 kB
├ ○ /procurement/cost-centers                                             7.95 kB         153 kB
├ ○ /procurement/field-stock                                              19.8 kB         178 kB
├ ƒ /procurement/field-stock/reconciliation                               88.6 kB         235 kB
├ ƒ /procurement/financial                                                4.51 kB         153 kB
├ ○ /procurement/grn                                                      8.64 kB         154 kB
├ ○ /procurement/grn/[id]                                                 48.7 kB         200 kB
├ ○ /procurement/grn/new                                                  9.74 kB         155 kB
├ ƒ /procurement/inventory                                                14.5 kB         182 kB
├ ○ /procurement/open-orders                                              7.33 kB         133 kB
├ ○ /procurement/pipelines                                                7.54 kB         131 kB
├ ○ /procurement/purchase-orders                                          8.58 kB         154 kB
├ ○ /procurement/purchase-orders/[id]                                     8.95 kB         160 kB
├ ○ /procurement/purchase-orders/new                                      4.67 kB         159 kB
├ ƒ /procurement/purchasing                                               9.73 kB         157 kB
├ ○ /procurement/quotes                                                   2.32 kB         149 kB
├ ○ /procurement/reports                                                  9.37 kB         154 kB
├ ○ /procurement/requisitions                                             8.42 kB         153 kB
├ ○ /procurement/requisitions/[id]                                        11.4 kB         156 kB
├ ○ /procurement/requisitions/new                                         9.42 kB         154 kB
├ ƒ /procurement/rfq                                                      2.89 kB         150 kB
├ ○ /procurement/rfq/[id]                                                 138 kB          340 kB
├ ○ /procurement/rfq/new                                                  9.4 kB          154 kB
├ ƒ /procurement/sourcing                                                 6.41 kB         219 kB
├ ○ /procurement/stock                                                    8.48 kB         154 kB
├ ○ /procurement/stock-categories                                         8.16 kB         153 kB
├ ƒ /procurement/stock-items                                              1.23 kB         137 kB
├ ○ /procurement/stock-takes                                              4.03 kB         153 kB
├ ○ /procurement/stock-takes/[id]                                         3.73 kB         152 kB
├ ○ /procurement/workflow                                                 20.8 kB         175 kB
├ ○ /profile                                                              7.24 kB         160 kB
├ ○ /projects                                                             10.3 kB         144 kB
├ ○ /projects-wa-test                                                     1.42 kB         114 kB
├ ƒ /projects/[id]                                                        636 B           124 kB
├ ○ /projects/[id]/budget                                                 13.3 kB         158 kB
├ ƒ /projects/[id]/edit                                                   947 B           124 kB
├ ƒ /projects/[id]/tracker                                                526 B           124 kB
├ ƒ /projects/daily-progress                                              268 B           110 kB
├ ƒ /projects/health-safety                                               6.79 kB         143 kB
├ ƒ /projects/health-safety/audits/[auditId]                              279 B           110 kB
├ ƒ /projects/health-safety/checklists                                    275 B           110 kB
├ ƒ /projects/health-safety/incidents                                     273 B           110 kB
├ ƒ /projects/health-safety/incidents/new                                 276 B           110 kB
├ ○ /projects/list                                                        9.91 kB         140 kB
├ ƒ /projects/new                                                         569 B           124 kB
├ ○ /projects/new-test                                                    2.37 kB         112 kB
├ ƒ /projects/pipeline                                                    4.61 kB         135 kB
├ ƒ /projects/pipeline/[id]                                               899 B           124 kB
├ ○ /projects/pipeline/alerts                                             4.62 kB         154 kB
├ ○ /projects/pipeline/authorities                                        7.92 kB         138 kB
├ ○ /projects/pipeline/new                                                3.2 kB          129 kB
├ ○ /projects/progress                                                    4.67 kB         135 kB
├ ○ /projects/reports                                                     4.84 kB         135 kB
├ ○ /projects/tasks                                                       4.53 kB         135 kB
├ ƒ /recordings                                                           3.98 kB         130 kB
├ ƒ /reports                                                              1.02 kB         124 kB
├ ○ /reports/progress-today                                               2.94 kB         126 kB
├ ƒ /settings                                                             919 B           124 kB
├ ○ /settings/pipeline-authorities                                        763 B           124 kB
├ ○ /sign-in                                                              291 B           140 kB
├ ƒ /sow                                                                  428 B           124 kB
├ ƒ /sow-management                                                       434 B           124 kB
├ ƒ /sow/grid                                                             466 B           124 kB
├ ƒ /sow/import                                                           256 B           110 kB
├ ƒ /sow/list                                                             431 B           124 kB
├ ƒ /staff                                                                10.4 kB         141 kB
├ ƒ /staff/[id]                                                           594 B           124 kB
├ ƒ /staff/[id]/edit                                                      7.62 kB         365 kB
├ ƒ /staff/alerts                                                         6.04 kB         136 kB
├ ƒ /staff/birthdays                                                      6.51 kB         137 kB
├ ƒ /staff/compliance                                                     6.24 kB         136 kB
├ ƒ /staff/departments                                                    12.4 kB         143 kB
├ ƒ /staff/import                                                         7.78 kB         285 kB
├ ƒ /staff/new                                                            5.79 kB         364 kB
├ ○ /stock-items                                                          335 B           110 kB
├ ○ /stock/portal                                                         9.49 kB         124 kB
├ ƒ /suppliers                                                            2 kB            184 kB
├ ○ /suppliers/[id]                                                       8.38 kB         153 kB
├ ƒ /suppliers/new                                                        5.35 kB         129 kB
├ ○ /system/data-management/document-expiry                               4.57 kB         130 kB
├ ○ /system/data-management/olt-report                                    384 B           110 kB
├ ○ /system/data-sync                                                     59 kB           335 kB
├ ○ /system/health                                                        24.5 kB         148 kB
├ ○ /system/infrastructure                                                7.22 kB         152 kB
├ ○ /system/vlm-learning                                                  5.82 kB         241 kB
├ ƒ /tasks                                                                253 B           110 kB
├ ○ /terms                                                                3.34 kB         115 kB
├ ƒ /test                                                                 439 B           110 kB
├ ○ /test-realtime                                                        16.9 kB         126 kB
└ ƒ /workflow-portal                                                      61.8 kB         313 kB
+ First Load JS shared by all                                             143 kB
  ├ chunks/framework-3e67ff583ce10cd9.js                                  44.9 kB
  ├ chunks/main-3f9aeb3dacf7c75a.js                                       32.9 kB
  ├ chunks/pages/_app-bf227173af871976.js                                 27.9 kB
  ├ css/3429c274f0da16c8.css                                              33.8 kB
  └ other shared chunks (total)                                           3.79 kB

ƒ Middleware                                                              67.2 kB

○  (Static)   prerendered as static content
ƒ  (Dynamic)  server-rendered on demand

